originId,label,ipBlocking,appliedBundle,status,lastSyncStatus,lastSync,version,osVersion,osVersionName,type
512072148,LAP-DIR-RA2,Disabled,4126782,Encrypted,Encrypted,2024-06-05 09:00:03,3.0.466,Microsoft Windows [version 10.0.22631.2861],Windows 11,roaming
532172145,LAP-SCH-002,Disabled,3901056,Off,VA,2024-06-04 14:11:35,3.0.466,Microsoft Windows [version 10.0.22631.2861],Windows 11,roaming
537111725,LAP-MKT-S-002,Disabled,3901056,VA,VA,2024-06-05 09:03:41,3.0.466,Microsoft Windows [version 10.0.22631.2861],Windows 11,roaming
540492295,LAP-SUP-004,Disabled,3901056,VA,VA,2024-06-05 08:58:57,3.0.466,Microsoft Windows [version 10.0.22631.3593],Windows 11,roaming
542592634,LAP-GST-003,Disabled,3901056,Off,VA,2023-09-26 09:40:34,3.0.466,Microsoft Windows [version 10.0.19045.3448],Windows 10,roaming
547122920,LAP-MQP-004,Disabled,3901056,VA,VA,2024-06-05 09:13:42,3.0.466,Microsoft Windows [version 10.0.22631.2861],Windows 11,roaming
563272600,LP-COMPTA-018,Disabled,3901056,VA,VA,2024-06-05 09:14:40,3.0.466,Microsoft Windows [version 10.0.22631.2861],Windows 11,roaming
564404568,LAP-GST-004,Disabled,4126782,Encrypted,Encrypted,2024-06-05 09:18:05,3.0.466,Microsoft Windows [version 10.0.22631.2715],Windows 11,roaming
575348727,LAP-INFO-15,Disabled,4126782,Off,Encrypted,2023-04-19 10:53:11,3.0.343,Microsoft Windows [version 10.0.22621.1413],Windows 11,roaming
575356048,LAP-CPTA-101,Disabled,3901056,Off,VA,2023-02-14 16:00:21,3.0.343,Microsoft Windows [version 10.0.19045.2486],Windows 10,roaming
575356201,LAP-SUP-106,Disabled,3901056,VA,VA,2024-06-05 08:59:37,3.0.466,Microsoft Windows [version 10.0.22631.2861],Windows 11,roaming
575356445,LAP-SUP-100,Disabled,3901056,VA,VA,2024-06-05 09:01:44,3.0.466,Microsoft Windows [version 10.0.22631.2861],Windows 11,roaming
575480029,LAP-GST-002,Disabled,4126782,Encrypted,Encrypted,2024-06-05 08:56:49,3.0.466,Microsoft Windows [version 10.0.22631.2861],Windows 11,roaming
575487447,LAP-CPTA-107,Disabled,3901056,Off,VA,2024-03-20 13:55:19,3.0.466,Microsoft Windows [version 10.0.22631.3007],Windows 11,roaming
575518773,LAP-GST-001,Disabled,3901056,VA,VA,2024-06-05 09:20:41,3.0.466,Microsoft Windows [version 10.0.22631.2861],Windows 11,roaming
575543801,LAP-SAV-001,Disabled,3901056,VA,VA,2024-06-05 09:10:12,3.0.466,Microsoft Windows [version 10.0.22631.2861],Windows 11,roaming
575544500,LAP-CPTA-102,Disabled,3901056,VA,VA,2024-06-05 09:09:44,3.0.466,Microsoft Windows [version 10.0.22631.2861],Windows 11,roaming
575544993,LAP-SUP-101,Disabled,3901056,VA,VA,2024-06-05 08:54:28,3.0.466,Microsoft Windows [version 10.0.22631.2861],Windows 11,roaming
575561587,LAP-Achat-010,Disabled,3901056,VA,VA,2024-06-05 09:13:23,3.0.466,Microsoft Windows [version 10.0.19045.4291],Windows 10,roaming
575625272,LAP-DIR-DSI,Disabled,4126782,Off,Open,2023-04-27 07:41:57,3.0.343,Microsoft Windows [version 10.0.19045.2846],Windows 10,roaming
575632417,labo-cegidw10,Disabled,13509387,Encrypted,Encrypted,2024-06-05 09:22:37,3.0.466,Microsoft Windows [version 10.0.22631.3155],Windows 11,roaming
575690850,LAP-SUP-103,Disabled,3901056,VA,VA,2024-06-05 09:11:13,3.0.466,Microsoft Windows [version 10.0.22631.2861],Windows 11,roaming
575756893,LAP-SUP-102,Disabled,3901056,VA,VA,2024-06-05 09:01:43,3.0.466,Microsoft Windows [version 10.0.22631.2861],Windows 11,roaming
575760508,LAP-IT-092,Disabled,14365264,Uninstalled,Uninstalled,2024-01-09 14:51:30,5.0.1242,Microsoft Windows NT 10.0.22631.0,Windows 11,anyconnect
576163717,LAP-CPTA-108,Disabled,3901056,VA,VA,2024-06-05 09:20:22,3.0.466,Microsoft Windows [version 10.0.22631.3593],Windows 11,roaming
576171750,LAP-ACH010,Disabled,3901056,VA,VA,2024-06-05 09:21:13,3.0.466,Microsoft Windows [version 10.0.22631.2861],Windows 11,roaming
576175820,LAP-ACH-002,Disabled,3901056,VA,VA,2024-06-05 09:08:36,3.0.466,Microsoft Windows [version 10.0.22631.2861],Windows 11,roaming
576179016,LAP-RRH-001,Disabled,3901056,VA,VA,2024-06-05 07:37:46,5.1.1,Microsoft Windows NT 10.0.22631.0,Windows 11,anyconnect
576179405,LAP-MKTG-S-004,Disabled,3901056,VA,VA,2024-06-05 09:03:02,3.0.466,Microsoft Windows [version 10.0.22631.2861],Windows 11,roaming
576183716,LAP-ACH-014,Disabled,3901056,VA,VA,2024-06-05 09:04:27,3.0.466,Microsoft Windows [version 10.0.22631.3527],Windows 11,roaming
576243328,LAP-INFO-011,Disabled,3901056,Off,VA,2024-05-27 09:52:30,3.0.466,Microsoft Windows [version 10.0.22631.2861],Windows 11,roaming
576377307,LAP-SUP-107,Disabled,3901056,VA,VA,2024-06-05 08:54:42,3.0.466,Microsoft Windows [version 10.0.22631.2861],Windows 11,roaming
576547051,LAP-DR-P3,Disabled,3901056,Off,VA,2024-06-03 11:24:56,3.0.466,Microsoft Windows [version 10.0.22631.2861],Windows 11,roaming
576657237,LP-NEW-win10,Disabled,3901056,Off,VA,2023-03-24 16:14:22,3.0.343,Microsoft Windows [version 10.0.19045.2604],Windows 10,roaming
576767382,TPV-066-001,Disabled,4126698,VA,VA,2024-06-05 09:22:26,3.0.466,Microsoft Windows [version 10.0.17763.5830],Windows 10,roaming
576831971,LAP-SCH-100,Disabled,3901056,VA,VA,2024-06-05 09:05:43,3.0.466,Microsoft Windows [version 10.0.22631.2861],Windows 11,roaming
577008876,LAP-SUP-104,Disabled,3901056,Off,VA,2024-05-06 14:00:57,3.0.466,Microsoft Windows [version 10.0.19045.3570],Windows 10,roaming
577173453,LAP-SVC-TRA,Disabled,0,Off,Off,2024-05-16 21:19:51,3.0.343,Microsoft Windows [version 10.0.19044.1766],Windows 10,roaming
577280993,LAP-MKTG-005,Disabled,3901056,VA,VA,2024-06-05 08:58:15,3.0.466,Microsoft Windows [version 10.0.22631.2861],Windows 11,roaming
577460624,LAP-MKTG-012,Disabled,3901056,VA,VA,2024-06-05 09:05:44,3.0.466,Microsoft Windows [version 10.0.22631.3296],Windows 11,roaming
578078684,LAP-RH-006,Disabled,3901056,Off,VA,2023-12-05 13:44:29,3.0.466,Microsoft Windows [version 10.0.19045.3208],Windows 10,roaming
578098199,LAP-MKTG-05,Disabled,3901056,Off,VA,2024-06-04 13:37:55,3.0.466,Microsoft Windows [version 10.0.22631.2861],Windows 11,roaming
578193896,LAP-MKTG-S-003,Disabled,3901056,VA,VA,2024-06-05 09:10:03,3.0.466,Microsoft Windows [version 10.0.19045.4412],Windows 10,roaming
578326020,LAP-SAV-005,Disabled,3901056,Off,VA,2024-02-20 22:55:00,3.0.466,Microsoft Windows [version 10.0.22631.3155],Windows 11,roaming
578349603,LAP-RH-100,Disabled,3901056,VA,VA,2024-06-05 09:05:54,3.0.466,Microsoft Windows [version 10.0.22631.3447],Windows 11,roaming
578568980,LAP-TRAV-01,Disabled,3901056,Off,Off,2024-06-05 08:21:59,3.0.466,Microsoft Windows [version 10.0.22631.2861],Windows 11,roaming
578818512,LAP-DIR-MKTG,Disabled,3901056,Off,Off,2024-05-30 15:30:22,5.1.1,Microsoft Windows NT 10.0.22631.0,Windows 11,anyconnect
578899007,LAP-RH-102,Disabled,3901056,VA,VA,2024-06-05 09:22:51,3.0.466,Microsoft Windows [version 10.0.19045.4123],Windows 10,roaming
578981082,LAP-SCH-009,Disabled,4126782,Off,Encrypted,2023-07-17 21:49:49,3.0.343,Microsoft Windows [version 10.0.19045.3086],Windows 10,roaming
579455626,LAP-SUPPLY-002,Disabled,3901056,VA,VA,2024-06-05 09:22:59,3.0.466,Microsoft Windows [version 10.0.22631.2861],Windows 11,roaming
579602897,LAP-DI-CO,Disabled,3901056,Off,Off,2024-05-29 16:28:09,5.1.1,Microsoft Windows NT 10.0.22631.0,Windows 11,anyconnect
584329946,LAP-MERSH-001,Disabled,0,Off,Off,2024-06-04 14:42:22,3.0.466,Microsoft Windows [version 10.0.22631.3593],Windows 11,roaming
584380352,LAP-CPTA-111,Disabled,3901056,Off,VA,2024-04-12 15:12:47,3.0.466,Microsoft Windows [version 10.0.22631.2861],Windows 11,roaming
584401604,LAP-ACH-019,Disabled,3901056,Off,VA,2024-04-03 13:21:53,5.1.1,Microsoft Windows NT 10.0.22631.0,Windows 11,anyconnect
585299712,LAP-CPTA-104,Disabled,3901056,VA,VA,2024-06-05 09:10:23,3.0.466,Microsoft Windows [version 10.0.22631.2861],Windows 11,roaming
585622202,LAP-SUPPLY-004,Disabled,3901056,Off,VA,2023-08-03 08:33:36,3.0.343,Microsoft Windows [version 10.0.19045.3208],Windows 10,roaming
585743665,LAP-CTRL-GST1,Disabled,3901056,VA,VA,2024-06-05 09:06:12,3.0.466,Microsoft Windows [version 10.0.22631.2861],Windows 11,roaming
587142040,LAP-DR-PA-CEN,Disabled,3901056,VA,VA,2024-06-05 05:58:32,3.0.466,Microsoft Windows [version 10.0.22631.2861],Windows 11,roaming
587405272,LAP-MKTG-013,Disabled,3901056,VA,VA,2024-06-05 08:52:35,3.0.466,Microsoft Windows [version 10.0.22631.3447],Windows 11,roaming
587545238,LAP-336-001,Disabled,3901056,Off,VA,2024-05-20 09:01:33,3.0.466,Microsoft Windows [version 10.0.19045.2604],Windows 10,roaming
587701477,LAP-414-001,Disabled,14365264,Encrypted,Encrypted,2024-06-05 09:00:16,3.0.466,Microsoft Windows [version 10.0.19045.3930],Windows 10,roaming
587827104,LAP-055-001,Disabled,4126698,VA,VA,2024-06-05 09:20:57,3.0.466,Microsoft Windows [version 10.0.22631.3447],Windows 11,roaming
587827303,TPV-348-002,Disabled,3901156,VA,VA,2024-06-05 09:14:11,3.0.466,Microsoft Windows [version 10.0.17763.5830],Windows 10,roaming
587827433,TPV-348-001,Disabled,3901156,VA,VA,2024-06-05 09:14:40,3.0.466,Microsoft Windows [version 10.0.17763.5830],Windows 10,roaming
587827484,TPV-145-002,Disabled,4126698,VA,VA,2024-06-05 09:22:14,3.0.466,Microsoft Windows [version 10.0.17763.5830],Windows 10,roaming
588088953,LAP-427-3,Disabled,14360147,VA,VA,2024-06-05 09:19:47,3.0.466,Microsoft Windows [version 10.0.22631.2861],Windows 11,roaming
588354791,LAP-030-4,Disabled,4126698,VA,VA,2024-06-05 09:12:17,3.0.466,Microsoft Windows [version 10.0.22631.3296],Windows 11,roaming
588657578,LAP-NOMADE-1,Disabled,3901056,Off,VA,2023-01-19 12:43:55,3.0.279,Microsoft Windows [version 10.0.19042.1052],Windows 10,roaming
588673597,LP-HORLOGER-401,Disabled,3901156,VA,VA,2024-06-05 09:16:16,3.0.466,Microsoft Windows [version 10.0.22631.2861],Windows 11,roaming
588679001,LAP-SUPP-004,Disabled,3901056,VA,VA,2024-06-05 09:15:17,3.0.466,Microsoft Windows [version 10.0.22631.2861],Windows 11,roaming
588680983,LAP-329-001,Disabled,14365264,Off,Encrypted,2024-03-15 09:41:54,3.0.466,Microsoft Windows [version 10.0.19045.2846],Windows 10,roaming
589253851,LAP-226-001,Disabled,4126698,Off,VA,2024-06-04 17:43:27,3.0.466,Microsoft Windows [version 10.0.22631.2861],Windows 11,roaming
589665400,LAP-428-001,Disabled,3901156,VA,VA,2024-06-05 05:39:37,3.0.466,Microsoft Windows [version 10.0.22631.3447],Windows 11,roaming
589797255,LAP-193-001,Disabled,4126698,Off,VA,2024-02-13 10:09:38,3.0.466,Microsoft Windows [version 10.0.22631.2861],Windows 11,roaming
589872886,TPV-330-001,Disabled,3901156,VA,VA,2024-06-05 09:20:38,3.0.466,Microsoft Windows [version 10.0.17763.5830],Windows 10,roaming
589972695,LAP-339-001,Disabled,3901156,Off,VA,2024-06-04 16:01:02,3.0.466,Microsoft Windows [version 10.0.19045.3693],Windows 10,roaming
590356357,LAP-038-001,Disabled,4126698,VA,VA,2024-06-05 09:17:32,3.0.466,Microsoft Windows [version 10.0.22631.2861],Windows 11,roaming
590600736,LAP-064-FORMA,Disabled,14360147,Off,VA,2024-06-04 19:06:55,3.0.466,Microsoft Windows [version 10.0.22631.2861],Windows 11,roaming
590600900,LAP-PAIE-004,Disabled,3901056,VA,VA,2024-06-05 09:15:38,3.0.466,Microsoft Windows [Version 10.0.19045.4412],Windows 10,roaming
590603086,LAP-RH-104,Disabled,3901056,VA,VA,2024-06-05 09:08:42,3.0.466,Microsoft Windows [version 10.0.22631.3296],Windows 11,roaming
590893478,LAP-318-001,Disabled,3901156,VA,VA,2024-06-05 08:58:55,3.0.466,Microsoft Windows [version 10.0.22621.2715],Windows 11,roaming
591225208,LAP-194-001,Disabled,4126698,VA,VA,2024-06-05 09:06:26,3.0.466,Microsoft Windows [version 10.0.19045.3448],Windows 10,roaming
591354582,LAP-TRA-003,Disabled,4126782,Off,Encrypted,2023-12-13 14:16:35,3.0.466,Microsoft Windows [version 10.0.22621.2861],Windows 11,roaming
591699891,LAP-ACH-015,Disabled,3901056,Off,VA,2023-04-20 10:59:24,3.0.343,Microsoft Windows [version 10.0.19045.2728],Windows 10,roaming
591701315,LAP-MGTG-014,Disabled,3901056,VA,VA,2024-06-05 09:03:50,3.0.466,Microsoft Windows [version 10.0.22631.3296],Windows 11,roaming
591792268,AIO-414-001,Disabled,3901156,VA,VA,2024-06-05 07:44:16,3.0.466,Microsoft Windows [version 10.0.22631.2861],Windows 11,roaming
591922482,LAP-418-4,Disabled,3901156,Off,VA,2024-06-04 07:29:57,3.0.466,Microsoft Windows [version 10.0.19043.1052],Windows 10,roaming
591931249,AIO-414-003,Disabled,3901156,VA,VA,2024-06-05 09:18:01,3.0.466,Microsoft Windows [version 10.0.22631.2861],Windows 11,roaming
592035729,AIO-414-002,Disabled,3901156,VA,VA,2024-06-05 08:55:33,3.0.466,Microsoft Windows [version 10.0.22631.2861],Windows 11,roaming
592111909,LAP-414-002,Disabled,3901156,VA,VA,2024-06-05 09:08:48,3.0.466,Microsoft Windows [version 10.0.19045.4291],Windows 10,roaming
592114609,LAP-155-02,Disabled,4126698,Off,VA,2024-01-18 10:33:06,3.0.466,Microsoft Windows NT 6.1.7601 Service Pack 1,Windows 7,roaming
592802154,LAP-149-001,Disabled,4126698,VA,VA,2024-06-05 09:04:24,3.0.466,Microsoft Windows [version 10.0.22621.2428],Windows 11,roaming
592803461,LAP-412-001,Disabled,3901156,VA,VA,2024-06-05 09:09:19,3.0.466,Microsoft Windows [version 10.0.22631.3296],Windows 11,roaming
592869721,LAP-312-001,Disabled,3901156,VA,VA,2024-06-05 09:03:43,3.0.466,Microsoft Windows [version 10.0.22631.3296],Windows 11,roaming
593124029,LAP-414-4,Disabled,3901156,VA,VA,2024-06-05 09:04:20,3.0.466,Microsoft Windows [version 10.0.22631.2861],Windows 11,roaming
593528811,LAP-DIR-COM,Disabled,3901056,Off,VA,2024-06-04 17:15:05,3.0.466,Microsoft Windows [version 10.0.22631.3593],Windows 11,roaming
594000774,LAP-PAXE-002,Disabled,3901056,Off,Off,2024-06-05 06:52:24,3.0.466,Microsoft Windows [version 10.0.22631.2861],Windows 11,roaming
594969850,TPV-127-1,Disabled,4126698,VA,VA,2024-06-05 08:56:01,3.0.466,Microsoft Windows [version 10.0.17763.5830],Windows 10,roaming
595104093,LAP-075-001,Disabled,4126698,VA,VA,2024-06-05 09:02:46,3.0.466,Microsoft Windows [version 10.0.22631.2861],Windows 11,roaming
595107056,LAP-012-001,Disabled,4126698,Off,VA,2024-06-04 13:41:21,3.0.466,Microsoft Windows [version 10.0.22631.3296],Windows 11,roaming
595663644,LAP-SUP-013,Disabled,3901056,VA,VA,2024-06-05 09:01:14,3.0.466,Microsoft Windows [version 10.0.22631.3296],Windows 11,roaming
595871899,LP-145-5,Disabled,4126698,VA,VA,2024-06-05 09:20:09,3.0.466,Microsoft Windows [version 10.0.22631.3296],Windows 11,roaming
596186346,LAP-438-001,Disabled,3901156,VA,VA,2024-06-05 09:11:23,3.0.466,Microsoft Windows [version 10.0.22631.3447],Windows 11,roaming
596294301,LAP-347-001,Disabled,4126698,Off,Off,2024-03-15 10:47:13,3.0.466,Microsoft Windows [version 10.0.22621.1702],Windows 11,roaming
596393798,LAP-400-003,Disabled,3901156,VA,VA,2024-06-05 09:09:37,3.0.466,Microsoft Windows [version 10.0.22631.2861],Windows 11,roaming
597372383,LAP-224-001,Disabled,4126698,VA,VA,2024-06-05 08:58:46,3.0.466,Microsoft Windows [version 10.0.22631.2861],Windows 11,roaming
597708376,LAP-DG,Disabled,4126782,Off,Encrypted,2024-02-04 11:53:49,3.0.466,Microsoft Windows NT 6.1.7601 Service Pack 1,Windows 7,roaming
597726906,LAP-018-001,Disabled,4126698,Off,VA,2024-05-29 11:07:29,3.0.466,Microsoft Windows [version 10.0.22621.3296],Windows 11,roaming
597944742,LAP-ODP-RSI,Disabled,3901056,VA,VA,2024-06-05 09:15:09,3.0.466,Microsoft Windows [version 10.0.22631.3593],Windows 11,roaming
598157168,LAP-DLE-001,Disabled,3901056,VA,VA,2024-06-05 09:11:12,5.1.1,Microsoft Windows NT 10.0.22631.0,Windows 11,anyconnect
598161169,LAP-400-002,Disabled,3901156,Off,VA,2024-05-31 12:19:10,3.0.466,Microsoft Windows [version 10.0.22631.2861],Windows 11,roaming
598347807,LAP-062-001,Disabled,4126698,Off,VA,2024-06-04 17:25:48,3.0.466,Microsoft Windows [version 10.0.22631.3593],Windows 11,roaming
598673005,LAP-408-001,Disabled,3901156,VA,VA,2024-06-05 08:06:21,3.0.466,Microsoft Windows [version 10.0.22631.3447],Windows 11,roaming
598764209,LAP-037-001,Disabled,4126698,Off,VA,2024-06-05 01:01:28,3.0.466,Microsoft Windows [version 10.0.22631.3447],Windows 11,roaming
598952658,LAP-191-4,Disabled,4126698,Off,VA,2024-05-30 15:23:36,3.0.466,Microsoft Windows [version 10.0.19045.2965],Windows 10,roaming
599008956,LAP-010-2,Disabled,4126698,Off,VA,2024-06-04 08:57:23,3.0.466,Microsoft Windows [version 10.0.22621.2861],Windows 11,roaming
599736884,LAP-127-01,Disabled,4126698,Off,VA,2024-03-27 13:56:18,3.0.466,Microsoft Windows [version 10.0.22621.2428],Windows 11,roaming
600349548,LAP-048-4,Disabled,4126698,Off,VA,2024-05-22 15:04:11,3.0.466,Microsoft Windows [version 10.0.22621.2861],Windows 11,roaming
600358752,LAP-063-2,Disabled,4126698,Off,VA,2024-06-04 16:18:05,3.0.466,Microsoft Windows NT 6.1.7601 Service Pack 1,Windows 7,roaming
600520392,LAP-422-001,Disabled,3901156,Off,VA,2024-03-17 11:46:24,3.0.466,Microsoft Windows [version 10.0.22621.2283],Windows 11,roaming
600525333,LAP-422-003,Disabled,3901156,Off,VA,2024-06-04 16:17:12,3.0.466,Microsoft Windows [version 10.0.19044.2486],Windows 10,roaming
600532161,LAP-422-002,Disabled,3901156,VA,VA,2024-06-05 08:53:44,3.0.466,Microsoft Windows [version 10.0.22631.3447],Windows 11,roaming
600728016,LAP-CPTA-109,Disabled,3901056,Off,VA,2024-05-17 14:08:36,3.0.466,Microsoft Windows [version 10.0.22631.3447],Windows 11,roaming
601084885,LAP-416-001,Disabled,3901156,VA,VA,2024-06-05 08:50:32,3.0.466,Microsoft Windows [version 10.0.22631.2861],Windows 11,roaming
601773128,LAP-MKTG-015,Disabled,3901056,VA,VA,2024-06-05 09:21:34,3.0.466,Microsoft Windows [version 10.0.22631.3296],Windows 11,roaming
602580761,LAP-MKTG-003,Disabled,3901056,Off,VA,2024-06-04 09:44:21,3.0.466,Microsoft Windows [version 10.0.19045.3086],Windows 10,roaming
602588236,LAP-ACH-018,Disabled,3901056,Off,VA,2024-05-31 19:54:43,3.0.466,Microsoft Windows [version 10.0.22631.3593],Windows 11,roaming
602888441,LAP-404-002,Disabled,3901156,VA,VA,2024-06-05 08:56:06,3.0.466,Microsoft Windows [version 10.0.19044.2728],Windows 10,roaming
603068850,LAP-019-001,Disabled,4126698,Off,VA,2024-06-04 14:17:57,3.0.466,Microsoft Windows [version 10.0.19045.2913],Windows 10,roaming
603333436,LAP-024-001,Disabled,4126698,Off,VA,2024-06-04 12:33:37,5.1.1,Microsoft Windows NT 10.0.22631.0,Windows 11,anyconnect
604008964,LAP-403-001,Disabled,3901156,Off,VA,2024-02-12 10:34:12,3.0.466,Microsoft Windows [version 10.0.22621.1555],Windows 11,roaming
604253306,LAP-DIR-P2,Disabled,3901056,Off,VA,2024-06-04 15:34:39,3.0.466,Microsoft Windows [version 10.0.22631.3593],Windows 11,roaming
604640675,LAP-430-001,Disabled,3901156,Off,VA,2024-06-04 17:57:49,3.0.466,Microsoft Windows [version 10.0.22631.3447],Windows 11,roaming
605156277,LAP-227-001,Disabled,4126698,Off,VA,2024-05-04 00:30:13,3.0.466,Microsoft Windows [version 10.0.22631.2861],Windows 11,roaming
605165731,DESKTOP-LPG92FQ,Disabled,4126782,Off,Encrypted,2023-05-09 22:50:55,3.0.343,Microsoft Windows [Version 10.0.22621.1702],Windows 11,roaming
605362382,LAP-346-001,Disabled,14365264,Encrypted,Encrypted,2024-06-05 09:02:19,3.0.466,Microsoft Windows [version 10.0.22631.2861],Windows 11,roaming
605364610,LAP-427-1,Disabled,14360147,VA,VA,2024-06-05 09:04:28,3.0.466,Microsoft Windows [version 10.0.22631.2861],Windows 11,roaming
605365344,LP-350-01,Disabled,14360147,VA,VA,2024-06-05 09:02:26,3.0.466,Microsoft Windows [version 10.0.22631.2861],Windows 11,roaming
605604679,LAP-RSI-ODP,Disabled,4126782,Off,Encrypted,2023-05-02 13:46:18,3.0.343,Microsoft Windows [version 10.0.19044.2846],Windows 10,roaming
605680722,LAP-314-2,Disabled,13509387,Off,Encrypted,2023-10-05 14:12:32,3.0.343,Microsoft Windows [version 10.0.19045.2965],Windows 10,roaming
606491244,DESKTOP-7TR1PF8,Disabled,0,Off,Encrypted,2023-05-16 08:05:23,3.0.279,Microsoft Windows [Version 10.0.22621.1105],Windows 11,roaming
606498599,LAP-349-001,Disabled,14360147,Off,VA,2024-05-30 15:07:55,3.0.466,Microsoft Windows [version 10.0.22631.2861],Windows 11,roaming
606553024,LAP-401-002,Disabled,3901156,VA,VA,2024-06-05 09:21:21,3.0.466,Microsoft Windows [version 10.0.22631.2861],Windows 11,roaming
606579794,LAP-BIJ-001,Disabled,3901056,Off,VA,2024-06-04 17:33:02,3.0.466,Microsoft Windows [version 10.0.22621.2428],Windows 11,roaming
607248595,LAP-COMPTA-02,Disabled,3901056,VA,VA,2024-06-05 09:07:09,3.0.466,Microsoft Windows [version 10.0.22631.2861],Windows 11,roaming
607384360,LAP-401-8,Disabled,3901056,VA,VA,2024-06-05 09:03:24,3.0.466,Microsoft Windows [version 10.0.22621.2861],Windows 11,roaming
608132042,LAP-RH-002,Disabled,3901056,VA,VA,2024-06-05 09:19:52,3.0.466,Microsoft Windows [version 10.0.22631.3593],Windows 11,roaming
608136302,LAP-ACHATS-023,Disabled,3901056,VA,VA,2024-06-05 09:19:54,3.0.466,Microsoft Windows [version 10.0.22631.3593],Windows 11,roaming
608697559,LAP-SUPP-005,Disabled,3901056,VA,VA,2024-06-05 09:13:28,3.0.466,Microsoft Windows [version 10.0.22631.3447],Windows 11,roaming
608750489,LAP-ALEXANDRA-M,Disabled,4126782,Encrypted,Encrypted,2024-06-05 09:13:32,3.0.466,Microsoft Windows [version 10.0.22631.3593],Windows 11,roaming
608868014,LAP-421-17,Disabled,3901156,VA,VA,2024-06-05 09:22:32,3.0.466,Microsoft Windows [version 10.0.22631.2861],Windows 11,roaming
610181997,LAP-CPTA-110,Disabled,3901056,Off,VA,2024-06-04 16:43:23,3.0.466,Microsoft Windows [version 10.0.22631.3296],Windows 11,roaming
610482221,LAP-GST-006,Disabled,3901056,VA,VA,2024-06-05 09:17:13,3.0.466,Microsoft Windows [version 10.0.22631.2861],Windows 11,roaming
612437924,LAP-IT-023,Disabled,3901056,VA,VA,2024-06-05 09:14:00,5.1.1,Microsoft Windows NT 10.0.22631.0,Windows 11,anyconnect
612758119,TAB-428-001,Disabled,3901156,Off,VA,2024-01-22 13:34:11,3.0.466,Microsoft Windows [version 10.0.22000.2416],Windows 11,roaming
612861206,TAB-438-001,Disabled,3901156,VA,VA,2024-06-05 04:45:01,3.0.466,Microsoft Windows [version 10.0.22621.2428],Windows 11,roaming
612938986,TAB-408-001,Disabled,3901156,VA,VA,2024-06-05 08:56:23,3.0.466,Microsoft Windows [version 10.0.22621.2428],Windows 11,roaming
613398778,LAP-ACH-20,Disabled,3901056,VA,VA,2024-06-05 09:20:08,3.0.466,Microsoft Windows [version 10.0.22631.3593],Windows 11,roaming
613434871,LAP-INFO-012,Disabled,4126782,Off,Encrypted,2024-05-30 22:34:02,3.0.466,Microsoft Windows [version 10.0.22631.3593],Windows 11,roaming
613656278,LAP-RH-105,Disabled,3901056,Off,VA,2024-05-30 12:13:20,5.1.1,Microsoft Windows NT 10.0.22631.0,Windows 11,anyconnect
615793377,TPV-508-001,Disabled,14365264,Encrypted,Encrypted,2024-06-05 08:57:23,5.1.1,Microsoft Windows NT 10.0.17763.0,Windows 10,anyconnect
615798094,TPV-501-001,Disabled,14360147,VA,VA,2024-06-05 09:03:47,5.1.1,Microsoft Windows NT 10.0.17763.0,Windows 10,anyconnect
615853805,TPV-518-001,Disabled,14365264,Encrypted,Encrypted,2024-06-05 09:06:36,5.1.1,Microsoft Windows NT 10.0.17763.0,Windows 10,anyconnect
615909989,TPV-509-001,Disabled,14360147,VA,VA,2024-06-05 08:59:22,5.1.1,Microsoft Windows NT 10.0.17763.0,Windows 10,anyconnect
615910741,LAP-ACH-21,Disabled,3901056,Off,VA,2024-04-25 09:04:29,3.0.466,Microsoft Windows [version 10.0.22631.3447],Windows 11,roaming
615969742,TPV-507-001,Disabled,14360147,VA,VA,2024-06-05 09:01:17,5.1.1,Microsoft Windows NT 10.0.17763.0,Windows 10,anyconnect
615970208,TPV-513-001,Disabled,14360147,VA,VA,2024-06-05 09:00:52,5.1.1,Microsoft Windows NT 10.0.17763.0,Windows 10,anyconnect
616065914,TPV-505-001,Disabled,14360147,Off,VA,2024-06-04 17:44:21,5.1.1,Microsoft Windows NT 10.0.17763.0,Windows 10,anyconnect
616068158,TPV-510-001,Disabled,14360147,VA,VA,2024-06-05 09:21:01,5.1.1,Microsoft Windows NT 10.0.17763.0,Windows 10,anyconnect
616148711,TPV-502-002,Disabled,14360147,VA,VA,2024-06-05 09:11:09,5.1.1,Microsoft Windows NT 10.0.17763.0,Windows 10,anyconnect
616152140,TPV-502-001,Disabled,14365264,Off,Encrypted,2024-06-04 09:38:20,3.0.466,Microsoft Windows [version 10.0.17763.5830],Windows 10,roaming
616237621,TPV-504-001,Disabled,14360147,Off,VA,2024-06-04 17:40:04,3.0.466,Microsoft Windows [version 10.0.17763.5830],Windows 10,roaming
616256645,TPV-517-001,Disabled,14360147,VA,VA,2024-06-05 09:18:43,5.1.1,Microsoft Windows NT 10.0.17763.0,Windows 10,anyconnect
616350472,TPV-515-001,Disabled,14360147,VA,VA,2024-06-05 09:01:30,5.1.1,Microsoft Windows NT 10.0.17763.0,Windows 10,anyconnect
616355619,LAP-MKTG-S-005,Disabled,3901056,VA,VA,2024-06-05 08:51:23,3.0.466,Microsoft Windows [version 10.0.19045.4412],Windows 10,roaming
616355968,TPV-503-001,Disabled,14365264,Encrypted,Encrypted,2024-06-05 09:00:21,5.1.1,Microsoft Windows NT 10.0.17763.0,Windows 10,anyconnect
616442222,TPV-514-001,Disabled,14360147,VA,VA,2024-06-05 08:59:06,5.1.1,Microsoft Windows NT 10.0.17763.0,Windows 10,anyconnect
616460130,TPV-506-001,Disabled,0,Open,Open,2024-06-05 09:22:51,5.1.1,Microsoft Windows NT 10.0.17763.0,Windows 10,anyconnect
616607652,TPV-512-001,Disabled,14365264,Encrypted,Encrypted,2024-06-05 09:11:27,5.1.1,Microsoft Windows NT 10.0.17763.0,Windows 10,anyconnect
616610173,LAP-428-2,Disabled,14360147,VA,VA,2024-06-05 07:48:42,3.0.466,Microsoft Windows [version 10.0.22631.2861],Windows 11,roaming
617139897,LAP-DIR-ACHATS,Disabled,4126782,Off,Encrypted,2023-11-22 11:56:17,3.0.466,Microsoft Windows [version 10.0.22621.2715],Windows 11,roaming
617826440,LAP-418-2,Disabled,3901156,VA,VA,2024-06-05 09:06:32,3.0.466,Microsoft Windows [version 10.0.22631.3447],Windows 11,roaming
617898568,LAP-155-001,Disabled,0,Open,Open,2024-06-05 05:27:05,3.0.466,Microsoft Windows [version 10.0.22621.2792],Windows 11,roaming
617950218,DESKTOP-A89L2G8,Disabled,4126782,Off,Encrypted,2023-12-15 08:41:21,3.0.466,Microsoft Windows [version 10.0.22631.2861],Windows 11,roaming
617951268,TPV-007-001,Disabled,4126698,VA,VA,2024-06-05 09:02:58,3.0.466,Microsoft Windows [version 10.0.17763.5830],Windows 10,roaming
617951625,TPV-346-001,Disabled,14360147,VA,VA,2024-06-05 09:09:11,3.0.466,Microsoft Windows [version 10.0.17763.5830],Windows 10,roaming
617952296,LP-349-2,Disabled,14365264,Off,Encrypted,2024-01-08 08:56:14,3.0.466,Microsoft Windows [version 10.0.19045.3803],Windows 10,roaming
617953239,LP-418-4,Disabled,3901156,VA,VA,2024-06-05 09:15:00,3.0.466,Microsoft Windows [version 10.0.22631.2861],Windows 11,roaming
618009366,LAP-007-1,Disabled,4126698,Off,VA,2024-04-22 09:07:07,3.0.466,Microsoft Windows NT 6.1.7601 Service Pack 1,Windows 7,roaming
618135673,LAP-007-001,Disabled,4126698,Off,VA,2024-06-03 17:32:59,3.0.466,Microsoft Windows [version 10.0.22631.2792],Windows 11,roaming
618468775,LAP-DR-LUXE2,Disabled,3901056,VA,VA,2024-06-05 06:28:09,3.0.466,Microsoft Windows [version 10.0.22621.3447],Windows 11,roaming
619108555,LAP-TRA-004,Disabled,4126782,Off,Encrypted,2024-05-14 14:35:01,5.1.1,Microsoft Windows NT 10.0.22631.0,Windows 11,anyconnect
619179159,LAP-IT-001,Disabled,4126782,Off,Encrypted,2024-05-31 21:01:39,3.0.466,Microsoft Windows [version 10.0.22631.3593],Windows 11,roaming
619471701,LAP-ACH-22,Disabled,3901056,VA,VA,2024-06-05 07:47:57,3.0.466,Microsoft Windows [version 10.0.22631.3593],Windows 11,roaming
619778019,LAP-CPTA-112,Disabled,3901056,VA,VA,2024-06-05 09:07:18,3.0.466,Microsoft Windows [version 10.0.22621.3593],Windows 11,roaming
619977854,LAP-DIR-MKTG1,Disabled,3901056,VA,VA,2024-06-05 09:21:37,3.0.466,Microsoft Windows [version 10.0.22621.3593],Windows 11,roaming
620576768,LAP-320-4,Disabled,14360147,Off,VA,2024-06-04 17:17:48,3.0.466,Microsoft Windows [version 10.0.19045.4291],Windows 10,roaming
621097613,LAP-DR-LUXE,Disabled,3901056,Off,VA,2024-02-12 10:35:07,3.0.17,Microsoft Windows [version 10.0.19045.2846],Windows 10,roaming
621567640,LAP-GEST-007,Disabled,3901056,Off,VA,2024-03-01 16:31:09,3.0.466,Microsoft Windows [version 10.0.22631.3155],Windows 11,roaming
621702512,LAP-CSE-010,Disabled,0,Off,Open,2024-02-21 15:49:45,3.0.17,Microsoft Windows [version 10.0.22631.3155],Windows 11,roaming
623388107,LAP-DOSI-001,Disabled,4126782,Off,Encrypted,2024-04-18 12:49:09,5.1.1,Microsoft Windows NT 10.0.22631.0,Windows 11,anyconnect
623401219,TPV-527-001,Disabled,14360147,VA,VA,2024-06-05 08:57:25,5.1.1,Microsoft Windows NT 10.0.17763.0,Windows 10,anyconnect
623402528,TPV-525-001,Disabled,14360147,VA,VA,2024-06-05 08:59:29,5.1.1,Microsoft Windows NT 10.0.17763.0,Windows 10,anyconnect
623603202,TPV-519-001,Disabled,14360147,VA,VA,2024-06-05 09:18:54,5.1.1,Microsoft Windows NT 10.0.17763.0,Windows 10,anyconnect
623604207,TPV-521-001,Disabled,14365264,Encrypted,Encrypted,2024-06-05 09:09:18,5.1.1,Microsoft Windows NT 10.0.17763.0,Windows 10,anyconnect
623607676,TPV-526-001,Disabled,14360147,VA,VA,2024-06-05 09:01:51,5.1.1,Microsoft Windows NT 10.0.17763.0,Windows 10,anyconnect
623608009,TPV-530-001,Disabled,14360147,VA,VA,2024-06-05 09:03:59,5.1.1,Microsoft Windows NT 10.0.17763.0,Windows 10,anyconnect
623608913,TPV-522-002,Disabled,14360147,VA,VA,2024-06-05 08:57:24,5.1.1,Microsoft Windows NT 10.0.17763.0,Windows 10,anyconnect
623609384,TPV-529-001,Disabled,14360147,VA,VA,2024-06-05 09:04:52,5.1.1,Microsoft Windows NT 10.0.17763.0,Windows 10,anyconnect
623610160,TPV-516-001,Disabled,14360147,VA,VA,2024-06-05 09:01:39,5.1.1,Microsoft Windows NT 10.0.17763.0,Windows 10,anyconnect
623610737,TPV-524-001,Disabled,14360147,VA,VA,2024-06-05 08:53:03,5.1.1,Microsoft Windows NT 10.0.17763.0,Windows 10,anyconnect
623698023,TPV-520-001,Disabled,14365264,Encrypted,Encrypted,2024-06-05 09:19:45,5.1.1,Microsoft Windows NT 10.0.17763.0,Windows 10,anyconnect
623706883,TPV-523-001,Disabled,14360147,VA,VA,2024-06-05 09:09:22,5.1.1,Microsoft Windows NT 10.0.17763.0,Windows 10,anyconnect
623803818,TPV-528-001,Disabled,14360147,Off,VA,2024-06-04 17:10:33,5.1.1,Microsoft Windows NT 10.0.17763.0,Windows 10,anyconnect
623810924,TPV-511-001,Disabled,14360147,VA,VA,2024-06-05 08:58:53,5.1.1,Microsoft Windows NT 10.0.17763.0,Windows 10,anyconnect
624142839,LAP-CPTA-002,Disabled,3901056,VA,VA,2024-06-05 09:07:02,5.1.1,Microsoft Windows NT 10.0.22631.0,Windows 11,anyconnect
624310947,LP-235-4,Disabled,4126698,Off,VA,2024-05-17 14:39:11,5.1.1,Microsoft Windows NT 10.0.22631.0,Windows 11,anyconnect
624614438,LAP-004-002,Disabled,4126698,Off,VA,2024-06-04 15:17:25,5.1.1,Microsoft Windows NT 10.0.22631.0,Windows 11,anyconnect
624615046,TPV-004-004,Disabled,4126698,VA,VA,2024-06-05 09:00:28,5.1.1,Microsoft Windows NT 10.0.17763.0,Windows 10,anyconnect
624615435,TPV-004-002,Disabled,4126698,VA,VA,2024-06-05 09:20:40,5.1.1,Microsoft Windows NT 10.0.17763.0,Windows 10,anyconnect
624616471,LAP-081-001,Disabled,4126698,VA,VA,2024-06-05 09:08:21,5.1.1,Microsoft Windows NT 10.0.22631.0,Windows 11,anyconnect
624619229,TPV-081-001,Disabled,4126698,VA,VA,2024-06-05 09:18:06,5.1.1,Microsoft Windows NT 10.0.17763.0,Windows 10,anyconnect
624677973,LAP-RSE-002,Disabled,3901056,Off,VA,2024-05-17 13:15:06,5.1.1,Microsoft Windows NT 10.0.19045.0,Windows 10,anyconnect
624745418,LAP-402-001,Disabled,3901156,Off,VA,2024-03-29 15:03:03,5.1.1,Microsoft Windows NT 10.0.22631.0,Windows 11,anyconnect
625033432,PC-Marianne,Disabled,3901056,Off,VA,2024-05-30 15:42:29,5.1.1,Microsoft Windows NT 10.0.22631.0,Windows 11,anyconnect
625201309,LAP-SOPHIEC,Disabled,3901056,Off,VA,2024-05-06 15:45:54,5.1.1,Microsoft Windows NT 10.0.22631.0,Windows 11,anyconnect
625291759,LAP-MKTG-002,Disabled,0,Off,Open,2024-06-03 22:02:11,5.1.1,Microsoft Windows NT 10.0.22631.0,Windows 11,anyconnect
625296154,LAP-141-001,Disabled,4126698,VA,VA,2024-06-05 08:03:33,5.1.1,Microsoft Windows NT 10.0.22631.0,Windows 11,anyconnect
625515735,LAP-SUP-002,Disabled,3901056,Off,VA,2024-05-14 15:48:29,5.1.1,Microsoft Windows NT 10.0.22631.0,Windows 11,anyconnect
625772602,LAP-454-001,Disabled,3901156,VA,VA,2024-06-05 07:58:57,5.1.1,Microsoft Windows NT 10.0.22631.0,Windows 11,anyconnect
625829886,LAP-426-001,Disabled,3901156,VA,VA,2024-06-05 09:12:08,5.1.1,Microsoft Windows NT 10.0.22631.0,Windows 11,anyconnect
625943136,LAP-DOSI-001,Disabled,3901056,VA,VA,2024-06-05 09:08:52,5.1.1,Microsoft Windows NT 10.0.22631.0,Windows 11,anyconnect
626000289,TPV-226-001,Disabled,4126698,VA,VA,2024-06-05 09:13:47,5.1.1,Microsoft Windows NT 10.0.17763.0,Windows 10,anyconnect
626009443,TPV-532-001,Disabled,14365264,Encrypted,Encrypted,2024-06-05 09:02:14,5.1.1,Microsoft Windows NT 10.0.17763.0,Windows 10,anyconnect
626019598,TPV-531-001,Disabled,14365264,Encrypted,Encrypted,2024-06-05 09:22:34,5.1.1,Microsoft Windows NT 10.0.17763.0,Windows 10,anyconnect
626019605,TPV-538-001,Disabled,14365264,Transparent,Transparent,2024-06-05 08:30:24,5.1.1,Microsoft Windows NT 10.0.17763.0,Windows 10,anyconnect
626101058,TPV-550-001,Disabled,14365264,Off,Off,2024-06-05 09:22:33,5.1.1,Microsoft Windows NT 10.0.17763.0,Windows 10,anyconnect
626115871,TPV-546-001,Disabled,14365264,Encrypted,Encrypted,2024-06-05 09:22:56,5.1.1,Microsoft Windows NT 10.0.17763.0,Windows 10,anyconnect
626134064,TPV-545-001,Disabled,14360147,VA,VA,2024-06-05 09:01:24,5.1.1,Microsoft Windows NT 10.0.17763.0,Windows 10,anyconnect
626134180,TPV-543-001,Disabled,14365264,Off,Encrypted,2024-06-03 07:03:48,5.1.1,Microsoft Windows NT 10.0.17763.0,Windows 10,anyconnect
626140222,TPV-544-001,Disabled,14365264,Encrypted,Encrypted,2024-06-05 09:14:23,5.1.1,Microsoft Windows NT 10.0.17763.0,Windows 10,anyconnect
626144212,TPV-536-001,Disabled,14365264,Encrypted,Encrypted,2024-06-05 09:00:55,5.1.1,Microsoft Windows NT 10.0.17763.0,Windows 10,anyconnect
626144504,TPV-542-001,Disabled,14365264,Encrypted,Encrypted,2024-06-05 09:02:07,5.1.1,Microsoft Windows NT 10.0.17763.0,Windows 10,anyconnect
626258585,TPV-547-001,Disabled,14365264,Off,Off,2024-06-05 08:53:28,5.1.1,Microsoft Windows NT 10.0.17763.0,Windows 10,anyconnect
626332238,TPV-533-001,Disabled,14365264,Encrypted,Encrypted,2024-06-05 09:19:25,5.1.1,Microsoft Windows NT 10.0.17763.0,Windows 10,anyconnect
626332684,TPV-534-001,Disabled,14365264,Encrypted,Encrypted,2024-06-05 09:22:12,5.1.1,Microsoft Windows NT 10.0.17763.0,Windows 10,anyconnect
626337571,TPV-540-001,Disabled,14365264,Off,Encrypted,2024-06-04 17:21:16,5.1.1,Microsoft Windows NT 10.0.17763.0,Windows 10,anyconnect
626356243,TPV-535-001,Disabled,14360147,Off,Off,2024-06-04 15:57:27,5.1.1,Microsoft Windows NT 10.0.17763.0,Windows 10,anyconnect
626357911,TPV-539-001,Disabled,14365264,Encrypted,Encrypted,2024-06-05 08:50:29,5.1.1,Microsoft Windows NT 10.0.17763.0,Windows 10,anyconnect
626459860,TPV-541-001,Disabled,14365264,Encrypted,Encrypted,2024-06-05 09:10:14,5.1.1,Microsoft Windows NT 10.0.17763.0,Windows 10,anyconnect
626463287,TPV-548-001,Disabled,14365264,Encrypted,Encrypted,2024-06-05 09:06:33,5.1.1,Microsoft Windows NT 10.0.17763.0,Windows 10,anyconnect
626658896,TPV-549-002,Disabled,14365264,Encrypted,Encrypted,2024-06-05 09:02:16,5.1.1,Microsoft Windows NT 10.0.17763.0,Windows 10,anyconnect
626752012,TPV-537-001,Disabled,14365264,Encrypted,Encrypted,2024-06-05 09:05:49,5.1.1,Microsoft Windows NT 10.0.17763.0,Windows 10,anyconnect
626767096,LAP-322-001,Disabled,0,Off,Open,2024-05-27 02:16:56,5.1.1,Microsoft Windows NT 10.0.22631.0,Windows 11,anyconnect
627017935,LAP-142-001,Disabled,4126698,VA,VA,2024-06-05 09:12:22,5.1.1,Microsoft Windows NT 10.0.22631.0,Windows 11,anyconnect
627114074,LAP-PAIE-007,Disabled,3901056,VA,VA,2024-06-05 09:13:34,5.1.1,Microsoft Windows NT 10.0.22631.0,Windows 11,anyconnect
627122054,TPV-072-003,Disabled,4126698,VA,VA,2024-06-05 09:00:35,5.1.1,Microsoft Windows NT 10.0.17763.0,Windows 10,anyconnect
627147034,LAP-145-001,Disabled,4126698,VA,VA,2024-06-05 08:57:48,5.1.1,Microsoft Windows NT 10.0.22631.0,Windows 11,anyconnect
627184163,LAP-RH-101,Disabled,3901056,VA,VA,2024-06-05 09:09:31,5.1.1,Microsoft Windows NT 10.0.19045.0,Windows 10,anyconnect
627322434,LAP-306-001,Disabled,3901156,Off,VA,2024-06-04 16:53:28,5.1.1,Microsoft Windows NT 10.0.22631.0,Windows 11,anyconnect
627514180,LAP-153-002,Disabled,4126698,VA,VA,2024-06-05 08:55:17,5.1.1,Microsoft Windows NT 10.0.22631.0,Windows 11,anyconnect
627723049,LAP-414-002,Disabled,3901156,Off,VA,2024-06-04 18:22:52,5.1.1,Microsoft Windows NT 10.0.22631.0,Windows 11,anyconnect
627789025,LAP-414-003,Disabled,3901156,VA,VA,2024-06-05 09:13:06,5.1.1,Microsoft Windows NT 10.0.22631.0,Windows 11,anyconnect
627791289,LAP-TRA-004,Disabled,3901056,Off,VA,2024-06-04 15:48:03,5.1.1,Microsoft Windows NT 10.0.22631.0,Windows 11,anyconnect
627822227,TPV-322-001,Disabled,3901156,VA,VA,2024-06-05 09:10:39,5.1.1,Microsoft Windows NT 10.0.17763.0,Windows 10,anyconnect
627965696,TPV-424-004,Disabled,3901156,VA,VA,2024-06-05 09:03:48,5.1.1,Microsoft Windows NT 10.0.17763.0,Windows 10,anyconnect
628572822,LAP-322-001,Disabled,3901156,VA,VA,2024-06-05 09:04:36,5.1.1,Microsoft Windows NT 10.0.22631.0,Windows 11,anyconnect
